

course_title,description,subject,level,duration,rating,udemy_link,coursera_link,edx_link,datacamp_link,codecademy_link
"Software Engineering","Learn software development methodologies, project management, and best practices in software engineering.","Computer Science",22,"9 hours","4.8","https://www.udemy.com/course/software-engineering/","https://www.coursera.org/learn/software-engineering","https://www.edx.org/course/software-engineering","https://www.datacamp.com/courses/software-engineering","https://www.codecademy.com/learn/software-engineering"
"Computer Networks","Get an in-depth understanding of computer networks, including protocols, architecture, and security.","Computer Science",28,"13 hours","4.7","https://www.udemy.com/course/computer-networks/","https://www.coursera.org/?irgwc=1&utm_medium=partners&utm_source=impact&utm_campaign=2985301&utm_content=b2c&irclickid=2xmXrLR6LxyKWsB3AWwmhXdXUkCTHHUpqWUUQA0","https://www.edx.org/course/computer-networks","https://www.datacamp.com/courses/computer-networks","https://www.codecademy.com/learn/computer-networks"
"Web Development","Learn to build dynamic websites using HTML, CSS, JavaScript, and popular frameworks.","Computer Science",35,"15 hours","4.9","https://www.udemy.com/course/web-development/","https://www.coursera.org/learn/web-development","https://www.edx.org/course/web-development","https://www.datacamp.com/courses/web-development","https://www.codecademy.com/learn/web-development"
"Web Development","Learn to build dynamic websites using HTML, CSS, JavaScript, and popular frameworks.","Computer Science",35,"15 hours","4.9","https://www.udemy.com/course/web-development/","https://www.coursera.org/learn/web-development","https://www.edx.org/course/web-development","https://www.datacamp.com/courses/web-development","https://www.codecademy.com/learn/web-development"
"Python for Everybody Specialization","Learn Python programming and explore data structures, databases, and web scraping.","Computer Science",5,"10 hours","4.8","https://www.coursera.org/specializations/python","https://www.udemy.com/course/python-for-everybody/","https://www.edx.org/course/python-for-everybody","https://www.datacamp.com/courses/python-for-everybody","https://www.codecademy.com/learn/python-for-everybody"
"Mobile App Development","Create stunning mobile applications for Android and iOS using the latest tools and technologies.","Computer Science",30,"14 hours","4.8","https://www.udemy.com/course/mobile-app-development/","https://www.coursera.org/learn/mobile-app-development","https://www.edx.org/course/mobile-app-development","https://www.datacamp.com/courses/mobile-app-development","https://www.codecademy.com/learn/mobile-app-development"
"Machine Learning","Discover machine learning algorithms and techniques to build intelligent systems and make data-driven decisions.","Computer Science",40,"16 hours","4.7","https://www.udemy.com/course/machine-learning/","https://www.coursera.org/learn/machine-learning","https://www.edx.org/course/machine-learning","https://www.datacamp.com/courses/machine-learning","https://www.codecademy.com/learn/machine-learning"
"Cybersecurity","Learn essential cybersecurity concepts and practices to protect systems and networks from threats.","Cybersecurity",24,"10 hours","4.6","https://www.udemy.com/course/cybersecurity/","https://www.coursera.org/learn/cybersecurity","https://www.edx.org/course/cybersecurity","https://www.datacamp.com/courses/cybersecurity","https://www.codecademy.com/learn/cybersecurity"
"Artificial Intelligence","Explore the foundations of artificial intelligence and how to implement AI algorithms in real-world applications.","Computer Science",30,"12 hours","4.8","https://www.udemy.com/course/artificial-intelligence/","https://www.coursera.org/learn/artificial-intelligence","https://www.edx.org/course/artificial-intelligence","https://www.datacamp.com/courses/artificial-intelligence","https://www.codecademy.com/learn/artificial-intelligence"

"Mechanical Engineering (MECH)","Explore the fundamentals of mechanical engineering, including key concepts and applications in the field.","MECH",30,"12 hours","4.6","https://www.udemy.com/course/mechanical-engineering/","https://www.coursera.org/learn/mechanical-engineering","https://www.edx.org/course/mechanical-engineering","https://www.datacamp.com/courses/mechanical-engineering","https://www.codecademy.com/learn/mechanical-engineering"

"Thermodynamics","Understand the principles of thermodynamics and their applications in engineering and science.","MECH",25,"10 hours","4.5","https://www.udemy.com/course/thermodynamics/","https://www.coursera.org/learn/thermodynamics","https://www.edx.org/course/thermodynamics","https://www.datacamp.com/courses/thermodynamics","https://www.codecademy.com/learn/thermodynamics"

"Fluid Mechanics","Dive into the study of fluids and their behavior, including concepts of pressure, flow, and forces.","MECH",28,"11 hours","4.7","https://www.udemy.com/course/fluid-mechanics/","https://www.coursera.org/learn/fluid-mechanics","https://www.edx.org/course/fluid-mechanics","https://www.datacamp.com/courses/fluid-mechanics","https://www.codecademy.com/learn/fluid-mechanics"

"Mechanics of Materials","Learn about the behavior of materials under various types of loading and how to analyze stress and strain.","MECH",22,"9 hours","4.8","https://www.udemy.com/course/mechanics-of-materials/","https://www.coursera.org/learn/mechanics-of-materials","https://www.edx.org/course/mechanics-of-materials","https://www.datacamp.com/courses/mechanics-of-materials","https://www.codecademy.com/learn/mechanics-of-materials"

"Machine Design","Explore the principles and practices of machine design, focusing on the design process and component selection.","MECH",24,"10 hours","4.7","https://www.udemy.com/course/machine-design/","https://www.coursera.org/learn/machine-design","https://www.edx.org/course/machine-design","https://www.datacamp.com/courses/machine-design","https://www.codecademy.com/learn/machine-design"

"Control Systems","Understand the fundamentals of control systems and their applications in automation and engineering.","MECH",26,"12 hours","4.6","https://www.udemy.com/course/control-systems/","https://www.coursera.org/learn/control-systems","https://www.edx.org/course/control-systems","https://www.datacamp.com/courses/control-systems","https://www.codecademy.com/learn/control-systems"

"Manufacturing Processes","Gain insights into various manufacturing processes and techniques used in the industry.","MECH",30,"13 hours","4.5","https://www.udemy.com/course/manufacturing-processes/","https://www.coursera.org/learn/manufacturing-processes","https://www.edx.org/course/manufacturing-processes","https://www.datacamp.com/courses/manufacturing-processes","https://www.codecademy.com/learn/manufacturing-processes"

"Heat Transfer","Learn the principles of heat transfer and its applications in engineering systems and design.","MECH",20,"10 hours","4.7","https://www.udemy.com/course/heat-transfer/","https://www.coursera.org/learn/heat-transfer","https://www.edx.org/course/heat-transfer","https://www.datacamp.com/courses/heat-transfer","https://www.codecademy.com/learn/heat-transfer"

"Dynamics","Explore the principles of dynamics and their applications in analyzing the motion of bodies.","MECH",22,"11 hours","4.8","https://www.udemy.com/course/dynamics/","https://www.coursera.org/learn/dynamics","https://www.edx.org/course/dynamics","https://www.datacamp.com/courses/dynamics","https://www.codecademy.com/learn/dynamics"

"Robotics","Understand the fundamentals of robotics, including design, programming, and applications of robotic systems.","MECH",28,"14 hours","4.9","https://www.udemy.com/course/robotics/","https://www.coursera.org/learn/robotics","https://www.edx.org/course/robotics","https://www.datacamp.com/courses/robotics","https://www.codecademy.com/learn/robotics"

"CAD/CAM Systems","Learn to use CAD and CAM software for designing and manufacturing engineering components.","MECH",30,"15 hours","4.6","https://www.udemy.com/course/cad-cam-systems/","https://www.coursera.org/learn/cad-cam-systems","https://www.edx.org/course/cad-cam-systems","https://www.datacamp.com/courses/cad-cam-systems","https://www.codecademy.com/learn/cad-cam-systems"



"Civil Engineering","Explore the core concepts and principles of civil engineering, including design, construction, and infrastructure development.","Civil",30,"12 hours","4.7","https://www.udemy.com/course/civil-engineering/","https://www.coursera.org/learn/civil-engineering","https://www.edx.org/course/civil-engineering","https://www.datacamp.com/courses/civil-engineering","https://www.codecademy.com/learn/civil-engineering"

"Structural Analysis","Understand the principles of structural analysis and design for various types of structures and materials.","Civil",25,"10 hours","4.6","https://www.udemy.com/course/structural-analysis/","https://www.coursera.org/learn/structural-analysis","https://www.edx.org/course/structural-analysis","https://www.datacamp.com/courses/structural-analysis","https://www.codecademy.com/learn/structural-analysis"

"Geotechnical Engineering","Learn about soil mechanics, foundation design, and the behavior of earth materials in engineering applications.","Civil",28,"11 hours","4.5","https://www.udemy.com/course/geotechnical-engineering/","https://www.coursera.org/learn/geotechnical-engineering","https://www.edx.org/course/geotechnical-engineering","https://www.datacamp.com/courses/geotechnical-engineering","https://www.codecademy.com/learn/geotechnical-engineering"

"Transportation Engineering","Explore the principles of transportation systems, including traffic engineering, planning, and design.","Civil",24,"10 hours","4.8","https://www.udemy.com/course/transportation-engineering/","https://www.coursera.org/learn/transportation-engineering","https://www.edx.org/course/transportation-engineering","https://www.datacamp.com/courses/transportation-engineering","https://www.codecademy.com/learn/transportation-engineering"

"Environmental Engineering","Understand the fundamentals of environmental engineering, including water and air quality management and sustainability.","Civil",30,"13 hours","4.7","https://www.udemy.com/course/environmental-engineering/","https://www.coursera.org/learn/environmental-engineering","https://www.edx.org/course/environmental-engineering","https://www.datacamp.com/courses/environmental-engineering","https://www.codecademy.com/learn/environmental-engineering"

"Construction Management","Learn the essentials of managing construction projects, including planning, scheduling, and resource allocation.","Civil",26,"12 hours","4.6","https://www.udemy.com/course/construction-management/","https://www.coursera.org/learn/construction-management","https://www.edx.org/course/construction-management","https://www.datacamp.com/courses/construction-management","https://www.codecademy.com/learn/construction-management"

"Water Resources Engineering","Explore the principles of water resources management, including hydrology, hydraulics, and water quality.","Civil",22,"10 hours","4.8","https://www.udemy.com/course/water-resources-engineering/","https://www.coursera.org/learn/water-resources-engineering","https://www.edx.org/course/water-resources-engineering","https://www.datacamp.com/courses/water-resources-engineering","https://www.codecademy.com/learn/water-resources-engineering"

"Surveying","Gain insights into surveying techniques and technologies used for land measurement and mapping in civil engineering.","Civil",24,"11 hours","4.5","https://www.udemy.com/course/surveying/","https://www.coursera.org/learn/surveying","https://www.edx.org/course/surveying","https://www.datacamp.com/courses/surveying","https://www.codecademy.com/learn/surveying"

"Concrete Technology","Learn about the properties, design, and applications of concrete in construction projects.","Civil",20,"9 hours","4.6","https://www.udemy.com/course/concrete-technology/","https://www.coursera.org/learn/concrete-technology","https://www.edx.org/course/concrete-technology","https://www.datacamp.com/courses/concrete-technology","https://www.codecademy.com/learn/concrete-technology"

"Highway Engineering","Understand the design, construction, and maintenance of highways and roadways in transportation systems.","Civil",25,"10 hours","4.7","https://www.udemy.com/course/highway-engineering/","https://www.coursera.org/learn/highway-engineering","https://www.edx.org/course/highway-engineering","https://www.datacamp.com/courses/highway-engineering","https://www.codecademy.com/learn/highway-engineering"

"Urban Planning","Explore the principles of urban planning, including land use, zoning, and sustainable development.","Civil",28,"12 hours","4.8","https://www.udemy.com/course/urban-planning/","https://www.coursera.org/learn/urban-planning","https://www.edx.org/course/urban-planning","https://www.datacamp.com/courses/urban-planning","https://www.codecademy.com/learn/urban-planning"


"Aeronautical Engineering","Explore the principles and practices of aeronautical engineering, focusing on the design and operation of aircraft.","Aeronautical Engineering",30,"12 hours","4.7","https://www.udemy.com/course/aeronautical-engineering/","https://www.coursera.org/learn/aeronautical-engineering","https://www.edx.org/course/aeronautical-engineering","https://www.futurelearn.com/courses/aeronautical-engineering"

"Aerodynamics","Understand the fundamentals of aerodynamics and how they apply to the performance and design of aircraft.","Aeronautical Engineering",25,"10 hours","4.6","https://www.udemy.com/course/aerodynamics/","https://www.coursera.org/learn/aerodynamics","https://www.edx.org/course/aerodynamics-principles","https://www.futurelearn.com/courses/aerodynamics"

"Propulsion Systems","Learn about the design and operation of propulsion systems used in aviation and aerospace applications.","Aeronautical Engineering",28,"11 hours","4.8","https://www.udemy.com/course/propulsion-systems/","https://www.coursera.org/learn/propulsion-systems","https://www.edx.org/course/aerospace-propulsion","https://www.futurelearn.com/courses/propulsion-systems"

"Aircraft Structures","Gain insights into the design and analysis of aircraft structures, including materials and load considerations.","Aeronautical Engineering",22,"9 hours","4.7","https://www.udemy.com/course/aircraft-structures/","https://www.coursera.org/learn/aircraft-structures","https://www.edx.org/course/aircraft-structural-analysis","https://www.futurelearn.com/courses/aircraft-structures"

"Flight Mechanics","Explore the principles of flight mechanics, including aircraft performance, stability, and control.","Aeronautical Engineering",26,"12 hours","4.6","https://www.udemy.com/course/flight-mechanics/","https://www.coursera.org/learn/flight-mechanics","https://www.edx.org/course/flight-mechanics-and-performance","https://www.futurelearn.com/courses/flight-mechanics"

"Avionics","Understand the electronic systems used in aircraft, including navigation, communication, and monitoring technologies.","Aeronautical Engineering",24,"10 hours","4.7","https://www.udemy.com/course/avionics/","https://www.coursera.org/learn/avionics","https://www.edx.org/course/avionics-systems","https://www.futurelearn.com/courses/avionics"

"Control Systems for Aircraft","Learn about the control systems used in aircraft, focusing on stability, dynamics, and automation.","Aeronautical Engineering",30,"13 hours","4.8","https://www.udemy.com/course/control-systems-for-aircraft/","https://www.coursera.org/learn/aircraft-control-systems","https://www.edx.org/course/control-systems-for-aviation","https://www.futurelearn.com/courses/control-systems-for-aircraft"

"Aeronautical Materials","Explore the materials used in aircraft design and construction, including properties and selection criteria.","Aeronautical Engineering",20,"10 hours","4.5","https://www.udemy.com/course/aeronautical-materials/","https://www.coursera.org/learn/aeronautical-materials","https://www.edx.org/course/aeronautical-materials-design","https://www.futurelearn.com/courses/aeronautical-materials"

"Aerospace Propulsion","Delve into the principles of aerospace propulsion systems, including jet engines and rocket technology.","Aeronautical Engineering",28,"14 hours","4.6","https://www.udemy.com/course/aerospace-propulsion/","https://www.coursera.org/learn/aerospace-propulsion","https://www.edx.org/course/aerospace-propulsion-systems","https://www.futurelearn.com/courses/aerospace-propulsion"

"Spacecraft Design","Learn the fundamentals of spacecraft design, including systems integration and mission planning.","Aeronautical Engineering",30,"15 hours","4.7","https://www.udemy.com/course/spacecraft-design/","https://www.coursera.org/learn/spacecraft-design","https://www.edx.org/course/spacecraft-design-and-systems-integration","https://www.futurelearn.com/courses/spacecraft-design"

"Flight Simulation","Explore the technology and techniques behind flight simulation for training and design purposes.","Aeronautical Engineering",24,"11 hours","4.8","https://www.udemy.com/course/flight-simulation/","https://www.coursera.org/learn/flight-simulation","https://www.edx.org/course/flight-simulation-and-training","https://www.futurelearn.com/courses/flight-simulation"

"Electrical Engineering","Explore the principles and applications of electrical engineering, focusing on circuits, systems, and technology.","Electrical Engineering",30,"12 hours","4.7","https://www.udemy.com/course/electrical-engineering/","https://www.coursera.org/learn/electrical-engineering","https://www.edx.org/course/electrical-engineering","https://www.futurelearn.com/courses/electrical-engineering"

"Circuit Theory","Understand the fundamentals of circuit theory, including analysis techniques and circuit components.","Electrical Engineering",25,"10 hours","4.6","https://www.udemy.com/course/circuit-theory/","https://www.coursera.org/learn/circuit-theory","https://www.edx.org/course/circuit-theory","https://www.futurelearn.com/courses/circuit-theory"

"Electromagnetics","Learn the principles of electromagnetics and their applications in electrical engineering and technology.","Electrical Engineering",28,"11 hours","4.8","https://www.udemy.com/course/electromagnetics/","https://www.coursera.org/learn/electromagnetics","https://www.edx.org/course/electromagnetics","https://www.futurelearn.com/courses/electromagnetics"

"Digital Signal Processing","Gain insights into digital signal processing techniques and their applications in communication and audio systems.","Electrical Engineering",26,"12 hours","4.7","https://www.udemy.com/course/digital-signal-processing/","https://www.coursera.org/learn/digital-signal-processing","https://www.edx.org/course/digital-signal-processing","https://www.futurelearn.com/courses/digital-signal-processing"

"Control Systems","Explore the fundamentals of control systems, including system dynamics, stability, and design methods.","Electrical Engineering",30,"13 hours","4.6","https://www.udemy.com/course/control-systems/","https://www.coursera.org/learn/control-systems","https://www.edx.org/course/control-systems-in-electrical-engineering","https://www.futurelearn.com/courses/control-systems"

"Power Electronics","Understand the principles of power electronics, including converters, inverters, and power management.","Electrical Engineering",22,"10 hours","4.5","https://www.udemy.com/course/power-electronics/","https://www.coursera.org/learn/power-electronics","https://www.edx.org/course/power-electronics","https://www.futurelearn.com/courses/power-electronics"

"Renewable Energy Systems","Learn about renewable energy technologies, including solar, wind, and biomass systems.","Electrical Engineering",30,"14 hours","4.8","https://www.udemy.com/course/renewable-energy-systems/","https://www.coursera.org/learn/renewable-energy-systems","https://www.edx.org/course/renewable-energy","https://www.futurelearn.com/courses/renewable-energy-systems"

"Microcontrollers and Embedded Systems","Explore the design and programming of microcontrollers and embedded systems for various applications.","Electrical Engineering",24,"11 hours","4.7","https://www.udemy.com/course/microcontrollers-embedded-systems/","https://www.coursera.org/learn/microcontrollers-embedded-systems","https://www.edx.org/course/microcontrollers-and-embedded-systems","https://www.futurelearn.com/courses/microcontrollers-embedded-systems"

"Electrical Machines","Gain insights into the operation and design of electrical machines, including motors and generators.","Electrical Engineering",20,"10 hours","4.6","https://www.udemy.com/course/electrical-machines/","https://www.coursera.org/learn/electrical-machines","https://www.edx.org/course/electrical-machines","https://www.futurelearn.com/courses/electrical-machines"

"Communication Systems","Understand the principles of communication systems, including modulation, transmission, and reception techniques.","Electrical Engineering",26,"12 hours","4.7","https://www.udemy.com/course/communication-systems/","https://www.coursera.org/learn/communication-systems","https://www.edx.org/course/communication-systems","https://www.futurelearn.com/courses/communication-systems"

"Robotics","Learn the fundamentals of robotics, including design, control, and applications of robotic systems.","Electrical Engineering",28,"13 hours","4.9","https://www.udemy.com/course/robotics/","https://www.coursera.org/learn/robotics","https://www.edx.org/course/robotics-engineering","https://www.futurelearn.com/courses/robotics"

"Chemical Engineering","Explore the principles and applications of chemical engineering, focusing on process design and analysis.","Chemical Engineering",30,"12 hours","4.7","https://www.udemy.com/course/chemical-engineering/","https://www.coursera.org/learn/chemical-engineering","https://www.edx.org/course/chemical-engineering","https://www.futurelearn.com/courses/chemical-engineering"

"Chemical Process Principles","Understand the fundamental principles of chemical processes and their applications in engineering.","Chemical Engineering",25,"10 hours","4.6","https://www.udemy.com/course/chemical-process-principles/","https://www.coursera.org/learn/chemical-process-principles","https://www.edx.org/course/chemical-process-principles","https://www.futurelearn.com/courses/chemical-process-principles"

"Thermodynamics","Learn the principles of thermodynamics and their applications in chemical engineering and process design.","Chemical Engineering",28,"11 hours","4.8","https://www.udemy.com/course/thermodynamics/","https://www.coursera.org/learn/thermodynamics","https://www.edx.org/course/thermodynamics-in-chemical-engineering","https://www.futurelearn.com/courses/thermodynamics"

"Reaction Engineering","Gain insights into the design and analysis of chemical reactors and the kinetics of chemical reactions.","Chemical Engineering",26,"12 hours","4.7","https://www.udemy.com/course/reaction-engineering/","https://www.coursera.org/learn/reaction-engineering","https://www.edx.org/course/reaction-engineering","https://www.futurelearn.com/courses/reaction-engineering"

"Separation Processes","Explore various separation techniques used in chemical engineering, including distillation, filtration, and extraction.","Chemical Engineering",30,"13 hours","4.6","https://www.udemy.com/course/separation-processes/","https://www.coursera.org/learn/separation-processes","https://www.edx.org/course/separation-processes","https://www.futurelearn.com/courses/separation-processes"

"Process Control","Understand the principles of process control and automation in chemical engineering systems.","Chemical Engineering",22,"10 hours","4.5","https://www.udemy.com/course/process-control/","https://www.coursera.org/learn/process-control","https://www.edx.org/course/process-control-in-chemical-engineering","https://www.futurelearn.com/courses/process-control"

"Transport Phenomena","Learn about the principles of transport phenomena, including fluid mechanics, heat transfer, and mass transfer.","Chemical Engineering",24,"11 hours","4.8","https://www.udemy.com/course/transport-phenomena/","https://www.coursera.org/learn/transport-phenomena","https://www.edx.org/course/transport-phenomena","https://www.futurelearn.com/courses/transport-phenomena"

"Chemical Reaction Engineering","Explore the fundamentals of chemical reaction engineering, including reactor design and optimization.","Chemical Engineering",20,"10 hours","4.6","https://www.udemy.com/course/chemical-reaction-engineering/","https://www.coursera.org/learn/chemical-reaction-engineering","https://www.edx.org/course/chemical-reaction-engineering","https://www.futurelearn.com/courses/chemical-reaction-engineering"

"Biochemical Engineering","Gain insights into biochemical processes and the engineering principles applied in biotechnology.","Chemical Engineering",28,"14 hours","4.7","https://www.udemy.com/course/biochemical-engineering/","https://www.coursera.org/learn/biochemical-engineering","https://www.edx.org/course/biochemical-engineering","https://www.futurelearn.com/courses/biochemical-engineering"

"Materials Science","Understand the properties and applications of materials used in chemical engineering and related fields.","Chemical Engineering",26,"12 hours","4.7","https://www.udemy.com/course/materials-science/","https://www.coursera.org/learn/materials-science","https://www.edx.org/course/materials-science","https://www.futurelearn.com/courses/materials-science"

"Environmental Engineering","Learn about environmental engineering principles, focusing on pollution control and sustainable practices.","Chemical Engineering",30,"13 hours","4.8","https://www.udemy.com/course/environmental-engineering/","https://www.coursera.org/learn/environmental-engineering","https://www.edx.org/course/environmental-engineering","https://www.futurelearn.com/courses/environmental-engineering"





"Software Engineering","Explore the principles and practices of software engineering, focusing on the software development process and methodologies.","Software Engineering",30,"12 hours","4.7","https://www.udemy.com/course/software-engineering/","https://www.coursera.org/learn/software-engineering","https://www.edx.org/course/software-engineering","https://www.futurelearn.com/courses/software-engineering"

"Software Development Life Cycle","Understand the stages of the software development life cycle (SDLC) and their impact on project management.","Software Engineering",25,"10 hours","4.6","https://www.udemy.com/course/software-development-life-cycle/","https://www.coursera.org/learn/software-development-life-cycle","https://www.edx.org/course/software-development-life-cycle","https://www.futurelearn.com/courses/software-development-life-cycle"

"Agile Methodologies","Learn about Agile methodologies and how to implement them effectively in software development projects.","Software Engineering",28,"11 hours","4.8","https://www.udemy.com/course/agile-methodologies/","https://www.coursera.org/learn/agile-methodologies","https://www.edx.org/course/agile-methodologies","https://www.futurelearn.com/courses/agile-methodologies"

"User Experience Design","Gain insights into user experience (UX) design principles and how to create user-centered software applications.","Software Engineering",26,"12 hours","4.7","https://www.udemy.com/course/user-experience-design/","https://www.coursera.org/learn/user-experience-design","https://www.edx.org/course/user-experience-design","https://www.futurelearn.com/courses/user-experience-design"

"Quality Assurance and Testing","Explore the fundamentals of quality assurance and testing in software development, including techniques and best practices.","Software Engineering",30,"13 hours","4.6","https://www.udemy.com/course/quality-assurance-testing/","https://www.coursera.org/learn/quality-assurance-testing","https://www.edx.org/course/quality-assurance-testing","https://www.futurelearn.com/courses/quality-assurance-testing"

"Software Architecture","Understand the principles of software architecture and design patterns for building scalable applications.","Software Engineering",22,"10 hours","4.5","https://www.udemy.com/course/software-architecture/","https://www.coursera.org/learn/software-architecture","https://www.edx.org/course/software-architecture","https://www.futurelearn.com/courses/software-architecture"

"DevOps Practices","Learn about DevOps practices and tools to improve collaboration between development and operations teams.","Software Engineering",24,"11 hours","4.7","https://www.udemy.com/course/devops-practices/","https://www.coursera.org/learn/devops-practices","https://www.edx.org/course/devops-practices","https://www.futurelearn.com/courses/devops-practices"

"Cloud Computing","Explore cloud computing concepts, including service models, deployment strategies, and cloud architecture.","Software Engineering",30,"14 hours","4.8","https://www.udemy.com/course/cloud-computing/","https://www.coursera.org/learn/cloud-computing","https://www.edx.org/course/cloud-computing","https://www.futurelearn.com/courses/cloud-computing"

"Mobile Software Development","Gain insights into mobile software development, focusing on best practices for building mobile applications.","Software Engineering",28,"13 hours","4.6","https://www.udemy.com/course/mobile-software-development/","https://www.coursera.org/learn/mobile-software-development","https://www.edx.org/course/mobile-software-development","https://www.futurelearn.com/courses/mobile-software-development"

"Data Management","Understand the principles of data management, including database design, data warehousing, and data governance.","Software Engineering",26,"12 hours","4.7","https://www.udemy.com/course/data-management/","https://www.coursera.org/learn/data-management","https://www.edx.org/course/data-management","https://www.futurelearn.com/courses/data-management"

"Cybersecurity Principles","Learn about cybersecurity principles and best practices to protect software applications and data.","Software Engineering",30,"13 hours","4.8","https://www.udemy.com/course/cybersecurity-principles/","https://www.coursera.org/learn/cybersecurity-principles","https://www.edx.org/course/cybersecurity-principles","https://www.futurelearn.com/courses/cybersecurity-principles"

"Environmental Engineering","Explore the principles and practices of environmental engineering, focusing on sustainable solutions to environmental challenges.","Environmental Engineering",30,"12 hours","4.7","https://www.udemy.com/course/environmental-engineering/","https://www.coursera.org/learn/environmental-engineering","https://www.edx.org/course/environmental-engineering","https://www.futurelearn.com/courses/environmental-engineering"

"Water Quality Engineering","Understand the principles of water quality management and treatment processes for safe drinking water.","Environmental Engineering",25,"10 hours","4.6","https://www.udemy.com/course/water-quality-engineering/","https://www.coursera.org/learn/water-quality-engineering","https://www.edx.org/course/water-quality-engineering","https://www.futurelearn.com/courses/water-quality-engineering"

"Air Pollution Control","Learn about methods and technologies for controlling air pollution and improving air quality.","Environmental Engineering",28,"11 hours","4.8","https://www.udemy.com/course/air-pollution-control/","https://www.coursera.org/learn/air-pollution-control","https://www.edx.org/course/air-pollution-control","https://www.futurelearn.com/courses/air-pollution-control"

"Solid Waste Management","Gain insights into solid waste management practices, including waste reduction, recycling, and disposal methods.","Environmental Engineering",26,"12 hours","4.7","https://www.udemy.com/course/solid-waste-management/","https://www.coursera.org/learn/solid-waste-management","https://www.edx.org/course/solid-waste-management","https://www.futurelearn.com/courses/solid-waste-management"

"Environmental Impact Assessment","Explore the process of environmental impact assessment (EIA) and its role in project planning and decision-making.","Environmental Engineering",30,"13 hours","4.6","https://www.udemy.com/course/environmental-impact-assessment/","https://www.coursera.org/learn/environmental-impact-assessment","https://www.edx.org/course/environmental-impact-assessment","https://www.futurelearn.com/courses/environmental-impact-assessment"

"Sustainable Development","Understand the principles of sustainable development and strategies for promoting sustainability in various sectors.","Environmental Engineering",22,"10 hours","4.5","https://www.udemy.com/course/sustainable-development/","https://www.coursera.org/learn/sustainable-development","https://www.edx.org/course/sustainable-development","https://www.futurelearn.com/courses/sustainable-development"

"Renewable Energy Systems","Learn about renewable energy technologies and their role in promoting sustainable energy solutions.","Environmental Engineering",30,"14 hours","4.8","https://www.udemy.com/course/renewable-energy-systems/","https://www.coursera.org/learn/renewable-energy-systems","https://www.edx.org/course/renewable-energy-systems","https://www.futurelearn.com/courses/renewable-energy-systems"

"Soil and Groundwater Contamination","Explore the causes, effects, and remediation techniques for soil and groundwater contamination.","Environmental Engineering",20,"10 hours","4.6","https://www.udemy.com/course/soil-groundwater-contamination/","https://www.coursera.org/learn/soil-groundwater-contamination","https://www.edx.org/course/soil-groundwater-contamination","https://www.futurelearn.com/courses/soil-groundwater-contamination"

"Environmental Law and Policy","Gain insights into environmental law and policy frameworks that govern environmental protection.","Environmental Engineering",28,"13 hours","4.7","https://www.udemy.com/course/environmental-law-and-policy/","https://www.coursera.org/learn/environmental-law-and-policy","https://www.edx.org/course/environmental-law-and-policy","https://www.futurelearn.com/courses/environmental-law-and-policy"

"Ecological Engineering","Learn about ecological engineering principles and their application in restoring and managing ecosystems.","Environmental Engineering",26,"12 hours","4.7","https://www.udemy.com/course/ecological-engineering/","https://www.coursera.org/learn/ecological-engineering","https://www.edx.org/course/ecological-engineering","https://www.futurelearn.com/courses/ecological-engineering"

"Climate Change Mitigation","Explore strategies for climate change mitigation and the role of engineering in reducing greenhouse gas emissions.","Environmental Engineering",30,"13 hours","4.8","https://www.udemy.com/course/climate-change-mitigation/","https://www.coursera.org/learn/climate-change-mitigation","https://www.edx.org/course/climate-change-mitigation","https://www.futurelearn.com/courses/climate-change-mitigation"

"Biotechnology Engineering","Explore the principles and applications of biotechnology engineering, focusing on innovative solutions in various fields.","Biotechnology Engineering",30,"12 hours","4.7","https://www.udemy.com/course/biotechnology-engineering/","https://www.coursera.org/learn/biotechnology-engineering","https://www.edx.org/course/biotechnology-engineering","https://www.futurelearn.com/courses/biotechnology-engineering"

"Molecular Biology","Understand the fundamentals of molecular biology, including DNA, RNA, and protein synthesis.","Biotechnology Engineering",25,"10 hours","4.6","https://www.udemy.com/course/molecular-biology/","https://www.coursera.org/learn/molecular-biology","https://www.edx.org/course/molecular-biology","https://www.futurelearn.com/courses/molecular-biology"

"Genetic Engineering","Learn about the techniques and applications of genetic engineering in research and industry.","Biotechnology Engineering",28,"11 hours","4.8","https://www.udemy.com/course/genetic-engineering/","https://www.coursera.org/learn/genetic-engineering","https://www.edx.org/course/genetic-engineering","https://www.futurelearn.com/courses/genetic-engineering"

"Bioprocess Technology","Gain insights into bioprocess technology, including fermentation, bioreactors, and product recovery.","Biotechnology Engineering",26,"12 hours","4.7","https://www.udemy.com/course/bioprocess-technology/","https://www.coursera.org/learn/bioprocess-technology","https://www.edx.org/course/bioprocess-technology","https://www.futurelearn.com/courses/bioprocess-technology"

"Biochemistry","Explore the biochemical processes that occur in living organisms and their significance in biotechnology.","Biotechnology Engineering",30,"13 hours","4.6","https://www.udemy.com/course/biochemistry/","https://www.coursera.org/learn/biochemistry","https://www.edx.org/course/biochemistry","https://www.futurelearn.com/courses/biochemistry"

"Bioinformatics","Understand the role of bioinformatics in analyzing biological data and its applications in genomics and proteomics.","Biotechnology Engineering",22,"10 hours","4.5","https://www.udemy.com/course/bioinformatics/","https://www.coursera.org/learn/bioinformatics","https://www.edx.org/course/bioinformatics","https://www.futurelearn.com/courses/bioinformatics"

"Pharmaceutical Biotechnology","Learn about the principles of pharmaceutical biotechnology and the development of biopharmaceuticals.","Biotechnology Engineering",30,"14 hours","4.8","https://www.udemy.com/course/pharmaceutical-biotechnology/","https://www.coursera.org/learn/pharmaceutical-biotechnology","https://www.edx.org/course/pharmaceutical-biotechnology","https://www.futurelearn.com/courses/pharmaceutical-biotechnology"

"Environmental Biotechnology","Explore the applications of biotechnology in environmental protection and remediation.","Biotechnology Engineering",20,"10 hours","4.6","https://www.udemy.com/course/environmental-biotechnology/","https://www.coursera.org/learn/environmental-biotechnology","https://www.edx.org/course/environmental-biotechnology","https://www.futurelearn.com/courses/environmental-biotechnology"

"Tissue Engineering","Gain insights into tissue engineering concepts and techniques for regenerative medicine.","Biotechnology Engineering",28,"13 hours","4.7","https://www.udemy.com/course/tissue-engineering/","https://www.coursera.org/learn/tissue-engineering","https://www.edx.org/course/tissue-engineering","https://www.futurelearn.com/courses/tissue-engineering"

"Biomedical Devices","Learn about the design and application of biomedical devices in healthcare and medical diagnostics.","Biotechnology Engineering",26,"12 hours","4.7","https://www.udemy.com/course/biomedical-devices/","https://www.coursera.org/learn/biomedical-devices","https://www.edx.org/course/biomedical-devices","https://www.futurelearn.com/courses/biomedical-devices"

"Systems Biology","Understand the principles of systems biology and its applications in studying complex biological systems.","Biotechnology Engineering",30,"13 hours","4.8","https://www.udemy.com/course/systems-biology/","https://www.coursera.org/learn/systems-biology","https://www.edx.org/course/systems-biology","https://www.futurelearn.com/courses/systems-biology"




"Industrial Engineering","Explore the principles and practices of industrial engineering, focusing on optimizing processes and systems.","Industrial Engineering",30,"12 hours","4.7","https://www.udemy.com/course/industrial-engineering/","https://www.coursera.org/learn/industrial-engineering","https://www.edx.org/course/industrial-engineering","https://www.futurelearn.com/courses/industrial-engineering"

"Operations Research","Understand the techniques of operations research and their applications in decision-making and optimization.","Industrial Engineering",25,"10 hours","4.6","https://www.udemy.com/course/operations-research/","https://www.coursera.org/learn/operations-research","https://www.edx.org/course/operations-research","https://www.futurelearn.com/courses/operations-research"

"Supply Chain Management","Learn about the principles of supply chain management, including logistics, procurement, and inventory control.","Industrial Engineering",28,"11 hours","4.8","https://www.udemy.com/course/supply-chain-management/","https://www.coursera.org/learn/supply-chain-management","https://www.edx.org/course/supply-chain-management","https://www.futurelearn.com/courses/supply-chain-management"

"Production Planning and Control","Gain insights into production planning and control methods for efficient manufacturing operations.","Industrial Engineering",26,"12 hours","4.7","https://www.udemy.com/course/production-planning-control/","https://www.coursera.org/learn/production-planning-control","https://www.edx.org/course/production-planning-control","https://www.futurelearn.com/courses/production-planning-control"

"Quality Engineering","Explore quality engineering principles and tools for improving product and process quality.","Industrial Engineering",30,"13 hours","4.6","https://www.udemy.com/course/quality-engineering/","https://www.coursera.org/learn/quality-engineering","https://www.edx.org/course/quality-engineering","https://www.futurelearn.com/courses/quality-engineering"

"Ergonomics","Understand the principles of ergonomics and how to design systems that enhance human performance and comfort.","Industrial Engineering",22,"10 hours","4.5","https://www.udemy.com/course/ergonomics/","https://www.coursera.org/learn/ergonomics","https://www.edx.org/course/ergonomics","https://www.futurelearn.com/courses/ergonomics"

"Simulation Modeling","Learn about simulation modeling techniques for analyzing and improving complex systems and processes.","Industrial Engineering",30,"14 hours","4.8","https://www.udemy.com/course/simulation-modeling/","https://www.coursera.org/learn/simulation-modeling","https://www.edx.org/course/simulation-modeling","https://www.futurelearn.com/courses/simulation-modeling"

"Facility Layout and Design","Explore the principles of facility layout and design for optimizing workflow and efficiency.","Industrial Engineering",20,"10 hours","4.6","https://www.udemy.com/course/facility-layout-design/","https://www.coursera.org/learn/facility-layout-design","https://www.edx.org/course/facility-layout-design","https://www.futurelearn.com/courses/facility-layout-design"

"Project Management","Gain insights into project management methodologies and tools for successful project execution.","Industrial Engineering",28,"13 hours","4.7","https://www.udemy.com/course/project-management/","https://www.coursera.org/learn/project-management","https://www.edx.org/course/project-management","https://www.futurelearn.com/courses/project-management"

"Lean Manufacturing","Understand lean manufacturing principles and practices aimed at reducing waste and improving efficiency.","Industrial Engineering",26,"12 hours","4.7","https://www.udemy.com/course/lean-manufacturing","https://www.coursera.org/learn/lean-manufacturing","https://www.edx.org/course/lean-manufacturing","https://www.futurelearn.com/courses/lean-manufacturing"

"Systems Engineering","Learn the fundamentals of systems engineering and its application in complex project management and design.","Industrial Engineering",30,"13 hours","4.8","https://www.udemy.com/course/systems-engineering/","https://www.coursera.org/learn/systems-engineering","https://www.edx.org/course/systems-engineering","https://www.futurelearn.com/courses/systems-engineering"
